fishing_tech,description,towed_static
DFN,Drift and/or fixed netters,S
DRB,Dredgers,T
DTS,Demersal trawlers and/or demersal seiners,T
FPO,Vessels using pots and/or traps,S
HOK,Vessels using hooks,S
INACTIVE,Non active vessels,I
MGO,Vessel using other active gears,T
MGP,Vessels using polyvalent active gears only,T
PG,Passive Gears,S
PGO,Vessels using other passive gears,S
PGP,Vessels using polyvalent passive gears only,S
PMP,Vessels using active and passive gears,S
PS,Purse seiners,T
TBB,Beam trawlers,T
TM,Pelagic trawlers,T
