MS;2008;2009;2010;2011;2012;2013;2014;2015;2016;2017
BEL;4.5;0;2.3;3.4;2.6;1.2;0.5;0.6;1.8;2.2
BGR;12;2.5;3;3.4;2.4;0.4;-1.6;-1.1;-1.3;1.2
CYP;4.4;0.2;2.6;3.5;3.1;0.4;-0.3;-1.5;-1.2;0.7
DEU;2.8;0.2;1.2;2.5;2.1;1.6;0.8;0.1;0.4;1.7
DNK;3.6;1.1;2.2;2.7;2.4;0.5;0.3;0.2;0.0;1.1
ESP;4.1;-0.2;2;3.1;2.4;1.5;-0.2;-0.6;-0.3;2.0
EST;10.6;0.2;2.7;5.1;4.2;3.2;0.5;0.1;0.8;3.7
FIN;3.9;1.6;1.7;3.3;3.2;2.2;1.2;-0.2;0.4;0.8
FRA;3.2;0.1;1.7;2.3;2.2;1;0.6;0.1;0.3;1.2
GBR;3.6;2.2;3.3;4.5;2.8;2.6;1.5;0.0;0.7;2.7
GRC;4.2;1.3;4.7;3.1;1;-0.9;-1.4;-1.1;0.0;1.1
HRV;5.8;2.2;1.1;2.2;3.4;2.3;0.2;-0.3;-0.6;1.3
IRE;3.1;-1.7;-1.6;1.2;1.9;0.5;0.3;0.0;-0.2;0.3
ITA;3.5;0.8;1.6;2.9;3.3;1.3;0.2;0.1;-0.1;1.3
LTU;11.1;4.2;1.2;4.1;3.2;1.2;0.2;-0.7;0.7;3.7
LVA;15.3;3.3;-1.2;4.2;2.3;0.0;0.7;0.2;0.1;2.9
MLT;4.7;1.8;2;2.5;3.2;1;0.8;1.2;0.9;1.3
NLD;2.2;1;0.9;2.5;2.8;2.6;0.3;0.2;0.1;1.3
POL;4.2;4;2.7;3.9;3.7;0.8;0.1;-0.7;-0.2;1.6
PRT;2.7;-0.9;1.4;3.6;2.8;0.4;-0.2;0.5;0.6;1.6
ROU;7.9;5.6;6.1;5.8;3.4;3.2;1.4;-0.4;-1.1;1.1
SVN;5.5;0.9;2.1;2.1;2.8;1.9;0.4;-0.8;-0.2;1.6
SWE;3.3;1.9;1.9;1.4;0.9;0.4;0.2;0.7;1.1;1.9
