FAO_3A_code;ISSCAAP;TAXOCODE;Scientific_name;FAO_EN;Alt.sci.name;Notes
GUR;34;1780200403;Aspitrigla cuculus;Red gurnard;Chelidonichthys cuculus;Manja
#BLT;36;1750102303;Auxis rochei;Bullet tuna;Auxis rochei rochei;Manja - MPA use A.rochei aquamap
SWA;33;1703903303;Diplodus sargus;White seabream;Diplodus sargus sargus;Manja
#MGA;33;1650101203;Liza aurata;Golden grey mullet;Chelon auratus;Manja - MPA use L. aurata aquamap
SQP;57;3210400102;Loligo gahi;Patagonian squid;Doryteuthis gahi;Manja
MUT;33;1704100702;Mullus barbatus;Red mullet;Mullus barbatus barbatus;Manja
TGS;45;2280100117;Penaeus kerathurus;Caramote prawn;Melicertus kerathurus;Manja
SSH;45;2280202101;Plesiopenaeus edwardsianus;Scarlet shrimp;Aristaeopsis edwardsiana;Manja
#BLU;37;1702021301;Pomatomus saltatrix;Bluefish;Pomatomus saltator;Manja - MPA use P. saltarix aquamap
TUR;31;1830509201;Psetta maxima;Turbot;Scophthalmus maximus;Manja
RJN;38;1100400110;Raja naevus;Cuckoo ray;Leucoraja naevus;Manja
#RED;34;17801001XX;Sebastes spp;Atlantic redfishes nei;Sebastes norvegicus;Manja - covered in bucket categories
SOS;31;1830300704;Solea lascaris;Sand sole;Pegusa lascaris;Manja
CTS;56;3161100301;Venerupis pullastra;Pullet carpet shell;Venerupis corrugata;Manja
SQF;  ;          ;Loligo forbesi; ;Loligo forbesii;Spelling mistake in species
