FAO_3A_code;Scientific_name;FAO_EN;Area 27;Area 37;Notes;Weblink
BOR;Caproidae;Boarfishes nei;Capros aper;Capros aper;;
CDZ;Gadus spp;Northern cods nei;Gadus morhua;Gadus morhua;Cod do not occur in Mediterranean. MPA forced to Gadus morhua to be consistent;
DEX;Dentex spp;Dentex nei;Dentex dentex;Dentex dentex;;
GPX;Epinephelus spp;Groupers nei;Epinephelus marginatus;Epinephelus marginatus;;
HKX;Merluccius spp;Hakes nei;Merluccius merluccius;Merluccius merluccius;;
JAX;Trachurus spp;Jack and horse mackerels nei;Trachurus trachurus;Trachurus mediterraneus;;
LEZ;Lepidorhombus spp;Megrims nei;Lepidorhombus whiffiagonis;Lepidorhombus whiffiagonis;;
MNZ;Lophius spp;Monkfishes nei;Lophius piscatorius;Lophius budegassa;;
MUX;Mullus spp;Surmullets(=Red mullets) nei;Mullus surmuletus;Mullus surmuletus;;
OCM;Eledone spp;Horned and musky octopuses;Eledone cirrhosa;Eledone cirrhosa;;
OCZ;Octopus spp;Octopuses nei;Octopus vulgaris;Octopus vulgaris;;
PAX;Pagellus spp;Pandoras nei;Pagellus bogaraveo;Pagellus erythrinus;;
PEN;Penaeus spp;Penaeus shrimps nei;Melicertus kerathurus;Melicertus kerathurus;We are not fully sure, this species seems most likely.MPA replaced original "Penaeus kerathurus" suggested by John with its Melicertus kerathurus synonom;
PIC;Spicara spp;Picarels nei;Spicara smaris;Spicara smaris;;
RPN;Rapana spp;Sea snails;Rapana venosa;Rapana venosa;;
SAN;Ammodytes spp;Sandeels(=Sandlances) nei;Ammodytes marinus;Gymnammodytes cicerelus;;
SDV;Mustelus spp;Smooth-hounds nei;Mustelus asterias;Mustelus asterias;;
SKA;Raja spp;Raja rays nei;Raja clavata;Raja clavata;There are various species but thornback ray (R. clavata) is generally important or fairly important;
SOO;Solea spp;NA;Solea solea;Solea solea;;
SPI;Siganus spp;Spinefeet(=Rabbitfishes) nei;Siganus rivulatus;Siganus rivulatus;;
SQC;Loligo spp;Common squids nei;Loligo forbesii;Loligo vulgaris;;
SRG;Diplodus spp;Sargo breams nei;Diplodus vulgaris;Diplodus vulgaris;;
THS;Microchirus spp;Thickback soles nei;Microstomus kitt;Microstomus kitt;;
RED;Sebastes spp;Atlantic redfishes nei;Sebastes norvegicus;Sebastes norvegicus;;
